Title,Artist,Album,ID,Number
Walk On Water,A$AP Mob,Cozy Tapes Vol. 2: Too Cozy,0qr1Fvi1haEDWVbFtekZLb,6
"BIG BANK (feat. 2 Chainz, Big Sean, Nicki Minaj)",YG,STAY DANGEROUS,5IYvKd22yQkJRfoIStesbX,7
Ain't No Half-Steppin',Big Daddy Kane,Long Live The Kane,5STvD2F7IQ51f4Cd2y5r3z,6
Beautiful,Eminem,Relapse: Refill,7MZzYkbHL9Tk3O6WeD4Z0Z,17
Hey Young World,Slick Rick,The Great Adventures Of Slick Rick,71mmTJdWvpkzQNmVfFbRdN,10
TEMPTATION,Joey Bada$$,ALL-AMERIKKKAN BADA$$,6swV0WUnPygRIMgEKn6Ige,3
My Shit,A Boogie Wit da Hoodie,Artist,2OQEAqShAl6SodrGhmYZ4Z,3
Poppin' Them Thangs,G-Unit,Beg For Mercy,0BolFrIcCXXppUK50ETvgy,2
Patek Water,Future,SUPER SLIMEY,187UNqZ7MX3neMYkkevmdm,6
Jump,Kris Kross,Totally Krossed Out,5bGumbB29JBPlv4ECVURka,2
Again,Fetty Wap,Fetty Wap (Deluxe),2gKQvajkEEaDtkqJ8FJ4uw,7
Dang! (feat. Anderson .Paak),Mac Miller,The Divine Feminine,6f6tko6NWoH00cyFOl4VYQ,2
RAF,A$AP Mob,Cozy Tapes Vol. 2: Too Cozy,0qr1Fvi1haEDWVbFtekZLb,16
Money and the Power,Kid Ink,My Own Lane (Expanded Edition),6qBNm8dkdowRUUrN7uwR11,16
sweet sweet,Travis Scott,Birds In The Trap Sing McKnight,42WVQWuf1teDysXiOupIZt,7
Nonstop,Drake,Scorpion,1ATL5GLyefJaxhQzSPVrLX,2
"King's Dead (with Kendrick Lamar, Future & James Blake)",Jay Rock,"King's Dead (with Kendrick Lamar, Future & James Blake)",1NXM5lF9YB7a3f1e4R48oH,1
Liife,Desiigner,Liife,15rKI8AnSpyquuUrqagMOd,1
Get Right Witcha,Migos,Culture,2AvupjUeMnSffKEV05x222,5
Cleanin' Out My Closet,Eminem,The Eminem Show,2cWBwpqMsDJC1ZUwz813lo,4
Some Way,NAV,NAV,4JR29CNW14Zc4Z5vflxkoJ,10
How High (Remix),Method Man,Blackout!,5K9kD50P66neofCR8BoYxg,19
Yikes,Kanye West,ye,5EBGCvO6upi3GNknMVe9x9,2
Random,G-Eazy,When It's Dark Out,09Q3WwGYsQe5ognkvVkmCu,2
Shadowboxin',GZA,Liquid Swords,3k8xoyOXkGgZxUKgpmxz4P,8
Real Thing (feat. Future),Tory Lanez,MEMORIES DON'T DIE,4RQIHpmmapmEpOFNi2GvAB,7
Uber Everywhere (feat. Travis Scott),MadeinTYO,You Are Forgiven,0jlFChyFxDKLRNx8b59Ywz,4
Welcome To Jamrock,Damian Marley,Welcome to Jamrock,4Y0PrDckfFKxKaVXsscDLB,3
the remedy for a broken heart (why am I so in love),XXXTENTACION,?,2Ti79nwTsont5ZHfdxIzAm,5
"So Fresh, So Clean",OutKast,Stankonia,2tm3Ht61kqqRZtIYsBjxEj,4
Rigamortus,Kendrick Lamar,Section.80,13WjgUEEAQp0d9JqojlWp1,12
Nightmare,Offset,Without Warning,0MV1yCXcNNQBfwApqAVkH0,5
Do Not Disturb,Drake,More Life,1lXY618HWkwYKJWBRYR4MK,22
The Flute Song,Russ,ZOO,48Kac3ieDtt9OSp9Fm4g9e,1
Antidote,Travis Scott,Rodeo (Expanded Edition),4PWBTB6NYSKQwfo79I3prg,9
Love The Way You Lie,Eminem,Recovery,47BiFcV59TQi2s9SkBo2pb,15
Heartless,Kanye West,808s & Heartbreak,3WFTGIO6E3Xh4paEOBY9OU,3
Mob Ties,Drake,Scorpion,1ATL5GLyefJaxhQzSPVrLX,8
"Shook Ones, Pt. II",Mobb Deep,The Infamous,1cCAb1vN8uUsdfEylVmTLs,15
No Limit,G-Eazy,The Beautiful & Damned,1VAc77UvK5wj8ZSWCo3V2b,7
Plain Jane,A$AP Ferg,Still Striving,0tQ7Iu6EicQTPyhYRNWjaT,8
SICKO MODE,Travis Scott,ASTROWORLD,41GuZcammIkupMPKH2OJ6I,3
DUCKWORTH.,Kendrick Lamar,DAMN.,4eLPsYPBmXABThSJ821sqY,14
Ruff Ryders' Anthem,DMX,It's Dark And Hell Is Hot,2KwZgeD7BnTrOtiNvFr7CL,2
Lovers & Friends,Lil Jon,Crunk Juice (Limited Edition),4zbPQmvbpioooVkd3BplP0,12
All About U,2Pac,All Eyez On Me,4CzT5ueFBRpbILw34HQYxi,2
Fight Night,Migos,No Label II,56PJDByaunMWwCqs5rV3Nc,9
Represent,Nas,Illmatic XX,6oSHgr3TZJPCFshYUfBDqE,9
Notorious Thugs - 2014 Remaster,The Notorious B.I.G.,Life After Death (2014 Remastered Edition),7dRdaGSxgcBdJnrOviQRuB,13
Drifting,G-Eazy,When It's Dark Out,09Q3WwGYsQe5ognkvVkmCu,5
On The Come Up (feat. Big Sean),Mike WiLL Made-It,Ransom 2,0jqcY0azNzkluuC8hxNGlw,1
Ill Mind of Hopsin 8,Hopsin,Ill Mind of Hopsin 8,6kfB3WTt9YOhOZnEIOTbdn,1
Blue Cheese,2 Chainz,Pretty Girls Like Trap Music,5vvvo79z68vWj9yimoygfS,13
Bring Da Ruckus,Wu-Tang Clan,Enter The Wu-Tang (36 Chambers) [Expanded Edition],3tQd5mwBtVyxCoEo4htGAV,1
100 Shots,Young Dolph,Bulletproof,55GbaLX8yU1Agf7wjhez7W,1
"WDYW (feat. Lil Uzi Vert, A$AP Ferg & Rich The Kid)",Carnage,Papi Gordo,6AFct76pAIPVHMuOHA80YE,6
Patty Cake,Kodak Black,Painting Pictures,5mG8oNkNKM2my7t9ywra96,7
Hip Hop,Mos Def,Black On Both Sides,5gK2l2LgWY0BA4p9uy27z6,2
Free,6LACK,FREE 6LACK,7iwGw8ob3YLqZrbKzGFnHi,4
Photograph,J. Cole,KOD,4Wv5UAieM1LDEYVq5WmqDd,3
Greatest,Eminem,Kamikaze,3HNnxK7NgLXbDoxRZxNWiR,2
I Fall Apart,Post Malone,Stoney (Deluxe),5s0rmjP8XOPhP6HhqOhuyC,7
Waves,Kanye West,The Life Of Pablo,7gsWAHLeT0w7es6FofOXk1,10
No Rest,Lil Skies,No Rest,5xjO9figXtoXIkcOfXkx53,1
It Wasn't Me,Shaggy,Hot Shot (International Version #2),3PEA4j6aeqFwhpT1k71qDa,3
Flex Like Ouu,Lil Pump,Lil Pump,2VVvm4zJlUQm9XmBCvGN6z,14
Window Pain - Outro,J. Cole,KOD,4Wv5UAieM1LDEYVq5WmqDd,11
Full Clip,Gang Starr,Full Clip: A Decade Of Gang Starr,0TMIeuykc2gfMc68YGppoh,2
Rent Money,Future,FUTURE,17FBoXK1NU2rvJBbzdzw0r,1
Gettin' It,Too $hort,Gettin' It (Album Number Ten),27q3JlNTwpv5Zvf7yDReHH,1
No Tears,Scarface,The Diary,2Z1lDWB2EfTUKV5ILxjdvu,3
Wake Up in the Sky,Gucci Mane,Wake Up in the Sky,7mkyc2BUahNfo0orKzqNGB,1
Swang,Rae Sremmurd,SremmLife 2 (Deluxe),5v6iBhIlflzR9rEd1LAMbd,13
Hood Took Me Under,Compton's Most Wanted,Music To Driveby,5CfgVk92KTwjlfB66jAEvS,3
The Law (feat. Mac Miller & Rapsody),Ab-Soul,Do What Thou Wilt.,1CEeqK9sKrE7LzUHeT3bfP,15
Drop It Like It's Hot,Snoop Dogg,R&G (Rhythm & Gangsta): The Masterpiece,797fkvAtk0iZvP1HHPCWbp,3
Lifestyle,Rich Gang,Lifestyle,4EZDdNda2DHRyqoDgTpS4l,1
Throw Sum Mo,Rae Sremmurd,SremmLife,6eDx949ONWDCN0O22wFZf7,8
65th & Ingleside,Chance the Rapper,65th & Ingleside,3SQBhLa7AkmCNWuDmJpRkD,1
Tiimmy Turner,Desiigner,Tiimmy Turner,7zf9kyxc3ZhJv79HrjTRir,1
Bartier Cardi (feat. 21 Savage),Cardi B,Invasion of Privacy,4KdtEKjY3Gi0mKiSdy96ML,10
Black and Yellow,Wiz Khalifa,Rolling Papers,6ZOXiVL8rmk2ATHJiFJhiD,3
Paranoid (feat. B.o.B),Ty Dolla $ign,Paranoid (feat. B.o.B),26kjgCevSCdiObuavhdBDU,1
1-800-273-8255,Logic,Everybody,1HiN2YXZcc3EjmVZ4WjfBk,10
Jumpman,Drake,What A Time To Be Alive,1ozpmkWcCHwsQ4QTnxOOdT,9
1942,G-Eazy,1942,2DD75QcOrA0GMAkTYfGWuG,1
Girls,Beastie Boys,Licensed To Ill,11oR0ZuqB3ucZwb5TGbZxb,6
Multi Millionaire (feat. Lil Uzi Vert),Lil Pump,Multi Millionaire (feat. Lil Uzi Vert),68lx51m4UDlHBNaDucTN6E,1
It's Tricky,Run–D.M.C.,Raising Hell,7AFsTiojVaB2I58oZ1tMRg,2
Hustle Hard Remix,Ace Hood,Blood Sweat & Tears (Deluxe),64k1x2JZhoJoh9dyldECx4,12
Adrenaline Rush,Twista,Adrenaline Rush,7eDGp2PuSqUMKlefyXqWtx,2
Don’t Matter To Me (with Michael Jackson),Drake,Scorpion,1ATL5GLyefJaxhQzSPVrLX,10
Studio,ScHoolboy Q,Oxymoron (Deluxe),7Et3bSTLLqdABO1qCxUplS,6
Once an Addict - Interlude,J. Cole,KOD,4Wv5UAieM1LDEYVq5WmqDd,9
Move Bitch,Disturbing Tha Peace,Golden Grain,1HjiZwq8HvkzLchkB2XcyV,15
Get Dripped (feat. Playboi Carti),Lil Yachty,Nuthin' 2 Prove,4qplno3lbet8WvuTGdDG3T,2
X,Lil Uzi Vert,Luv Is Rage 2,733e1ZfktLSwj96X5rsMeE,13
Playinwitme (feat. Kehlani),KYLE,Light of Mine,2c1ipXPsfn6ylm6PrQNuDU,9
Hit,NAV,Perfect Timing,6VFETcEfjilkAng073KLt9,3
Brass Monkey,Beastie Boys,Licensed To Ill,11oR0ZuqB3ucZwb5TGbZxb,11
Hustlin',Rick Ross,Port Of Miami,42T8qfRs7jdpInsSk6nDJk,4
Patiently Waiting,50 Cent,Get Rich Or Die Tryin',4ycNE7y1rp5215g1kkqk1P,3
Hit 'Em Up - Single Version,2Pac,Greatest Hits,1WBZyULtlANBKed7Zf9cDP,12
Diamonds,A$AP Twelvyy,12,41tn9gcVocI693HtBidKfi,4
Free Lunch,Isaiah Rashad,The Sun's Tirade,6jjX8mGrsWtrpYpFhGMrg1,3
Gospel,Rich Brian,Gospel,79M1nv9rYaZvyt1GmyDAEa,1
Stuntin' Like My Daddy - Street,Birdman,Like Father Like Son,3DLSu5fxSIaG7Ph8G5YVBp,3
You Ain't a Killer,Big Pun,Capital Punishment (Explicit Version),3IIHk2ZLXKWuVAjCbQ9g4Y,10
Pull Up (feat. Lil Uzi Vert),Wiz Khalifa,Pull Up (feat. Lil Uzi Vert),3qv4Hjk70y70MNe9Kb9X8f,1
NO BYSTANDERS,Travis Scott,ASTROWORLD,41GuZcammIkupMPKH2OJ6I,6
What You Know,T.I.,King,2X7s6Gt8Xz2qEwlw4GVcQo,3
Phone Jumpin,Dave East,Paranoia: A True Story,6JfjkZevPkcrVop48QOEL1,4
Smoke A Nigga,Juicy J,Stay Trippy,7h1ut6IUbndKY7QrqcbAND,8
Grillz - Dirty,Nelly,Sweatsuit,3W18dxZsE9GnP8DQrnGeBW,15
Put On,Jeezy,The Recession,0U54jjqJhihezshU9t9cuO,16
Instinct (feat. MadeinTYO),Roy Woods,Nocturnal,6qQ53ChF4TLjNxw0X83obV,5
Candy Paint,Post Malone,beerbongs & bentleys,6trNtQUgC8cgbWcqoMYkOR,17
Wedding Crashers,Aminé,Good For You,3lajefIuUk4SfzqVBSJy8p,7
Don't Hurt Me,Mustard,Don't Hurt Me,03VQmX56AzgSFBNfA3PVm5,1
Audi.,Smokepurpp,Deadstar,2TWKabrKN6YOZ1jgqo97uz,3
Gimme Some More,Busta Rhymes,Extinction Level Event: The Final World Front,4zb4gmGzDYtlWMjmc1NZWW,10
Nothing Is Promised (with Rihanna),Mike WiLL Made-It,Ransom 2,0jqcY0azNzkluuC8hxNGlw,17
Express Yourself,N.W.A.,Straight Outta Compton,0Y7qkJVZ06tS2GUCDptzyW,8
Kevin’s Heart,J. Cole,KOD,4Wv5UAieM1LDEYVq5WmqDd,7
Yeah Right,Vince Staples,Big Fish Theory,5h3WJG0aZjNOrayFu3MhCS,7
Hey Ma,Cam’ron,Come Home With Me,2dkW0vytRLSwXcHpOGepZL,8
Dat $tick,Rich Brian,Dat $tick,7AKJUjNR4hlNcbj55lP5LA,1
6 Foot 7 Foot,Lil Wayne,Tha Carter IV (Deluxe),1uuSC0RCJB3dSp8Mb6GflZ,4
I Love It (& Lil Pump),Kanye West,I Love It,185Tm1g5U7eMOrm3m9SQUh,1
Motiv8,J. Cole,KOD,4Wv5UAieM1LDEYVq5WmqDd,6
New Freezer (feat. Kendrick Lamar),Rich The Kid,The World Is Yours,1Hno6CtKbaFNAEPjRHDrc6,2
So High (feat. Ghost Loft),Wiz Khalifa,Blacc Hollywood (Deluxe),2pl9PVgr8QFKRGY0HY69GI,10
R.I.C.O. (feat. Drake),Meek Mill,Dreams Worth More Than Money,2O3OKOYCub892PUGprsaQo,6
U Can't Touch This,MC Hammer,Please Hammer Don't Hurt 'Em,4r1WecJyt5FOhglysp9zhN,2
Wicked,Future,EVOL,3jJKDKdlwRS584zUlHV2Ly,12
Juicy - 2005 Remaster,The Notorious B.I.G.,Ready to Die (The Remaster),2HTbQ0RHwukKVXAlTmCZP2,10
No Type,Rae Sremmurd,SremmLife,6eDx949ONWDCN0O22wFZf7,10
They Like,Yo Gotti,White Friday (CM9),2NLkWfzw3YmRGBhqPqtAvW,6
Ambitionz Az A Ridah,2Pac,All Eyez On Me,4CzT5ueFBRpbILw34HQYxi,1
Real Friends,Kanye West,The Life Of Pablo,7gsWAHLeT0w7es6FofOXk1,12
I Wanna Smoke,Gangsta Pat,Deadly Verses,4Thl9RH4Wewv5Yj00QCUaD,2
Sky Walker (feat. Travis Scott),Miguel,War & Leisure,05LEST8E8mkEIl2LRfUkcI,3
Sacrifices,Drake,More Life,1lXY618HWkwYKJWBRYR4MK,12
Loyal,Chris Brown,X (Deluxe Version),4yOWnTrCkOOpl4IiVnpj3H,3
Pursuit Of Happiness - Extended Steve Aoki Remix (Explicit),Kid Cudi,Pursuit Of Happiness (International Version),5wgcGZb5ESiAS30iiPyNwq,3
Paul Revere,Beastie Boys,Licensed To Ill,11oR0ZuqB3ucZwb5TGbZxb,9
BedRock,Young Money,We Are Young Money,0hDy52fqKwb2ZIjyNXGxan,9
Bad and Boujee (feat. Lil Uzi Vert),Migos,Culture,2AvupjUeMnSffKEV05x222,4
Angels (feat. Saba),Chance the Rapper,Coloring Book,71QyofYesSsRMwFOTafnhB,8
Numb,21 Savage,Issa Album,4QUNWTw2FsIz722xjUjFJw,2
BILLY,6ix9ine,Day69: Graduation Day,1ubczeMvCrPHbSEjgfu4a7,1
Memory Lane (Sittin' in da Park),Nas,Illmatic XX,6oSHgr3TZJPCFshYUfBDqE,6
Sunflower - Spider-Man: Into the Spider-Verse,Post Malone,Sunflower (Spider-Man: Into the Spider-Verse),47LpgGVshd0tbFSbm9tTLb,1
• TEMPTED,Jazz Cartier,Fleurever,3eUG46qXFv43R7IzZARnPH,16
Nowadays (feat. Landon Cube),Lil Skies,Life of a Dark Rose,0CuYNS755Ow710G2E7aLDE,14
No Flag,London On Da Track,No Flag,4eGt5BVGxdgwgYD6yxXUSD,1
Juice,Yo Gotti,I Still Am,1tSsb3t0pqVVONvBJivoT9,5
Drinks On Us,Mike WiLL Made-It,Drinks On Us,2JfXJhfB5nIxwk4AJNNimU,1
King of Everything,Wiz Khalifa,King of Everything,5f8dieyt0L9xmvEmBu5IC0,1
Wins & Losses,Meek Mill,Wins & Losses,2SCQAZZ5pc90l9SPBsWCIQ,1
Ms. Jackson,OutKast,Stankonia,2tm3Ht61kqqRZtIYsBjxEj,5
On My Block,Scarface,The Fix (Explicit Version),08QH6uS4BzYcPqeAbpcnhg,5
Sauce It Up,Lil Uzi Vert,Luv Is Rage 2,733e1ZfktLSwj96X5rsMeE,3
Hop Out,A$AP Twelvyy,12,41tn9gcVocI693HtBidKfi,7
Good Times,Styles P,A Gangster And A Gentleman,4LmiDfIReR290PQm026KNF,2
Lucid Dreams,Juice WRLD,Goodbye & Good Riddance,2viWIVEItaDlFH2RXWKwS7,3
FLIP THE SWITCH (feat. Drake),Quavo,QUAVO HUNCHO,2DjfazR5N3TgXBQ7oVALA1,4
Low Life,Future,EVOL,3jJKDKdlwRS584zUlHV2Ly,10
Triumph (feat. Cappadonna),Wu-Tang Clan,Wu-Tang Forever,4r3TaXjF2b1qwCpxjIpW43,2
"Pills & Automobiles (feat. Yo Gotti, A Boogie Wit Da Hoodie & Kodak Black)",Chris Brown,Heartbreak on a Full Moon,3zak0kNLcOY5vFcB3Ipskp,21
No Mediocre,T.I.,Paperwork (Deluxe Explicit),4FADvCXok2GhepAWLE8Fs1,7
What's the Use?,Mac Miller,Swimming,5wtE5aLX5r7jOosmPhJhhk,3
Nasty Girl - Explicit 'New Edit',Nelly,Sweatsuit,4HoOCDgXlVRn7WfRtn4fMC,17
I Like Tuh,Carnage,Papi Gordo,6AFct76pAIPVHMuOHA80YE,5
Rosa Parks,OutKast,Aquemini,5ceB3rxgXqIRpsOvVzTG28,3
WIFI LIT,Future,BEASTMODE 2,6Ew52HWkgfbth9ihRAq2Xd,1
Put It On,Big L,Lifestylez Ov Da Poor & Dangerous,7xvBUHu5jJ7X0wdRHudLFD,1
Canal St.,A$AP Rocky,AT.LONG.LAST.A$AP,3arNdjotCvtiiLFfjKngMc,2
Smooth Operator,Big Daddy Kane,It's A Big Daddy Thing,1cvyT4p26JXJicEBbHPzvX,6
The Creator,Pete Rock & C.L. Smooth,All Souled Out,3Bf3z6ZeEEE3ZR3wyiqTR3,4
ATM,J. Cole,KOD,4Wv5UAieM1LDEYVq5WmqDd,5
X Gon' Give It To Ya,DMX,The Definition Of X: Pick Of The Litter,0d1szlYKqdELGIZltCxxpC,11
Don't Sweat The Technique,Eric B. & Rakim,Don't Sweat The Technique,5iaxBk4qVHAMp9vtYSoEBM,11
I'm Sprung - German Remix Featuring Kool Savas,T-Pain,Rappa Ternt Sanga,5rOF38aFaCVEgD5hr4hrmo,18
Stay Woke (feat. Miguel),Meek Mill,Stay Woke (feat. Miguel),2IsZbgFPP0LaJuxVpoWSKx,1
Good Life,Kanye West,Graduation,3SZr5Pco2oqKFORCP3WNj9,5
Rock Bottom,Eminem,The Slim Shady LP,0vE6mttRTBXRe9rKghyr1l,14
Frontin' (feat. Jay-Z) - Club Mix,Pharrell Williams,The Neptunes Present... Clones,0AO5ibcO686oWXf96D83pM,5
Survival Tactics,Styles Of Beyond,2000 Fold,0yXdpzBK9MevlT5vBjs3WB,9
Locked Up,Akon,Trouble,6rlTdXLpnOufwfL0SbWLDf,1
Whatever You Like,T.I.,Paper Trail,5PfepkNWgRR2DI02Y8AawC,6
BRACKETS,J. Cole,KOD,4Wv5UAieM1LDEYVq5WmqDd,8
Clout,Ty Dolla $ign,Beach House 3 (Deluxe Edition),2wtx5XeYMFOpY40eK9f7fA,22
No Complaints,Metro Boomin,No Complaints,4VXEIoFGEjhFMW7wYAvWSf,1
RGF Island,Fetty Wap,Fetty Wap (Deluxe),2gKQvajkEEaDtkqJ8FJ4uw,11
Me You,Russ,There's Really A Wolf,0lUL92det7mZ4DaHYmiUEC,5
All Girls Are The Same,Juice WRLD,Goodbye & Good Riddance,2viWIVEItaDlFH2RXWKwS7,2
Symphony 2000,EPMD,Out Of Business,0IW87I3Ngu9w9yUX0t2fhn,13
Up Down (Do This All Day),T-Pain,T-Pain Presents Happy Hour: The Greatest Hits,184XWylq7ZF0Hn7da4Tr6W,1
The Way You Move (feat. Sleepy Brown),OutKast,Speakerboxxx/The Love Below,1UsmQ3bpJTyK6ygoOOjG1r,5
Glow Like Dat,Rich Brian,Amen,4Y2V5TihhuWyKGnUzLQEpH,6
Blue Pill,Metro Boomin,Blue Pill,3B59OoKAFqhbnNogoZEDLN,1
When I B On Tha Mic,Rakim,The Master,3mvWfqa4cceoGyA7qECPWH,3
Chum,Earl Sweatshirt,Doris,5vRfIDOPJHy3W2wHWbzLlE,6
Ghetto Supastar (That is What You Are) (feat. Ol' Dirty Bastard & Mýa),Pras,Ghetto Supastar,0bCx3zLZj4wezD07YFrLPM,2
Signs,Drake,Signs,1JZxCJ86P4GUYkHj03CgDT,1
Liquid Swords,GZA,Liquid Swords,3k8xoyOXkGgZxUKgpmxz4P,1
I Guess I'll Smoke (feat. Dizzy Wright & Layzie Bone),Futuristic,Traveling Local,2AbalgVkkquv43JebvVSm2,4
Let's Get High,Dr. Dre,2001,0qRYw8PUU2AE7MPTvC9AwF,12
Mirror,Lil Wayne,Tha Carter IV (Deluxe),7oc6i8xUILaWwQ5BJMZS3c,17
Thrift Shop (feat. Wanz),Macklemore & Ryan Lewis,The Heist [Deluxe Edition],0CoiTAUBiO70lic9p9Lboq,3
"Young, Wild & Free (feat. Bruno Mars)",Snoop Dogg,Mac and Devin Go To High School (Music From and Inspired By The Movie),12pnVAswzLE6hArSl0bF0h,7
Black Beatles,Rae Sremmurd,SremmLife 2 (Deluxe),5v6iBhIlflzR9rEd1LAMbd,5
Down for You,Russ,Down for You,6hNTNxzbyjE4DkB9rCJNz1,1
Switch Lanes,Tyga,Hotel California (Deluxe),7zoQtXc7TUyHnmaC6LtjEe,18
745,Vince Staples,Big Fish Theory,5h3WJG0aZjNOrayFu3MhCS,5
FEEL.,Kendrick Lamar,DAMN.,4eLPsYPBmXABThSJ821sqY,5
Relationship (feat. Future),Young Thug,Beautiful Thugger Girls,51KZKzPd3OQT1r46a55VTt,6
Get By,Talib Kweli,Quality,0apVddbk7Juec0DV4LNiBg,3
High For Hours,J. Cole,High For Hours,4ybYv7EEFN9vs1KFJqi1O9,1
Flashing Lights,Kanye West,Graduation,3SZr5Pco2oqKFORCP3WNj9,9
Money Made Me Do It,Post Malone,Stoney (Deluxe),5s0rmjP8XOPhP6HhqOhuyC,17
Daddy's Birthday,Young Thug,Beautiful Thugger Girls,51KZKzPd3OQT1r46a55VTt,4
PASS OUT (feat. 21 Savage),Quavo,QUAVO HUNCHO,2DjfazR5N3TgXBQ7oVALA1,2
Redbone,Childish Gambino,"'Awaken, My Love!'",4xnq1L6P551Qcb9gBXNMK7,6
Wasted (feat. Lil Uzi Vert),Juice WRLD,Goodbye & Good Riddance,2viWIVEItaDlFH2RXWKwS7,5
Rack City,Tyga,Careless World: Rise Of The Last King,3KHamR7LZmFT0xqPA1Hyob,11
Everyday,Logic,Bobby Tarantino II,4F87p1aiFwHeU4uu65MaPV,12
Dead Or Alive,Jazz Cartier,Dead Or Alive,3TDEhWhq4igbjoquhj8NOp,1
Guala,G-Eazy,Guala,76aDn6G1eM90IEQM65leFe,1
Crumblin' Erb,OutKast,Southernplayalisticadillacmuzik,3l5AwLKqQ42VJbc5lTuP8G,14
"Work REMIX (feat. A$AP Rocky, French Montana, Trinidad James & ScHoolboy Q)",A$AP Ferg,Trap Lord,3smlfAmejcKMmAPg1G2Kki,8
Prayers Up (feat. Travis Scott & A-Trak),Calvin Harris,Funk Wav Bounces Vol.1,2HaqChIDc5go3qxVunBDK0,5
Extra Luv,Future,FUTURE,17FBoXK1NU2rvJBbzdzw0r,20
WAKE UP,Travis Scott,ASTROWORLD,41GuZcammIkupMPKH2OJ6I,8
Party Up,DMX,...And Then There Was X,10memku7dGZY14rvvlNpPv,7
"Flex (Ooh, Ooh, Ooh)",Rich Homie Quan,"Flex (Ooh, Ooh, Ooh)",7GqQiRft9pHtZukB37mc6c,1
Party We Will Throw Now!,Warren G,Party We Will Throw Now! - Single,0bTkYfBstiSW4maInjgqVi,1
No Option,Post Malone,Stoney (Deluxe),5s0rmjP8XOPhP6HhqOhuyC,4
Back That Azz Up,Juvenile,400 Degreez,6wpqS71CJr3I0dLguYiZdJ,13
wokeuplikethis*,Playboi Carti,Playboi Carti,4rJgzzfFHAVFhCSt2P4I3j,4
Super Bass,Nicki Minaj,Pink Friday (Deluxe),51HDsvvActcDmYy7NQl6oL,14
XO Tour Llif3,Lil Uzi Vert,Luv Is Rage 2,733e1ZfktLSwj96X5rsMeE,16
F With U (feat. Ty Dolla $ign),Kid Ink,7 Series,5TeAtFCYpc0WELiph7eiAg,3
44 Bars,Logic,Bobby Tarantino,0WMr3ulx5Mzi1B3C8LsHVA,9
Good Drank,2 Chainz,Pretty Girls Like Trap Music,5vvvo79z68vWj9yimoygfS,3
Lifesaver,Guru,Jazzmatazz Volume II: The New Reality,5xfPV8byJVCmeqe1LeVFqz,2
Regulate,Warren G,Regulate… G Funk Era,2VMGv3inRLPM4GOMXf37qu,1
Selfish,PnB Rock,GTTM: Goin Thru the Motions,7eFfp9r4A30ueN9A5EJbk2,4
Juke Jam (feat. Justin Bieber & Towkio),Chance the Rapper,Coloring Book,71QyofYesSsRMwFOTafnhB,9
That's That Shit,Snoop Dogg,Tha Blue Carpet Treatment,5EyEI8tm60S6y2YKbjE0xI,5
OMG,Camila Cabello,OMG,3Eh8juJMtjYOS4ryAtMDFJ,1
Fruit Punch,Kaiydo,Fruit Punch,0oeJCHQwiz5dQhMuiFlhhM,1
All Eyez On Me,2Pac,All Eyez On Me,4CzT5ueFBRpbILw34HQYxi,10
1999 WILDFIRE,BROCKHAMPTON,1999 WILDFIRE,279n8A7MneZ790ohTb6g6p,1
HeadBand (feat. 2 Chainz),B.o.B,Underground Luxury,177byugYOk12NcfRtWvghY,10
Tomorrow Til Infinity (feat. Gunna),Young Thug,Beautiful Thugger Girls,51KZKzPd3OQT1r46a55VTt,2
New Patek,Lil Uzi Vert,New Patek,64eE6FnNj7UJ9LEkN4EbvS,1
Roses,OutKast,Speakerboxxx/The Love Below,1UsmQ3bpJTyK6ygoOOjG1r,10
"F**kin' Problems (feat. Drake, 2 Chainz & Kendrick Lamar)",A$AP Rocky,LONG.LIVE.A$AP (Deluxe Version),6rzMufuu8sLkIizM4q9c7J,7
Too Quick,MadeinTYO,True's World,3HqqtbWskG8GJd5Eav7IxL,4
San Francisco Knights,People Under The Stairs,The Next Step,3xNlOqBSM4hmlO8SmcLXJt,8
Ole School Shit,Eazy-E,Gangsta Memorial,63e4jpPrJzjGsTxM4QOOFb,16
Lean Wit Me,Juice WRLD,Goodbye & Good Riddance,2viWIVEItaDlFH2RXWKwS7,4
Chun-Li,Nicki Minaj,Queen,2acDkDTWdNFie1HjcFa4Ny,10
Ghetto Gospel,2Pac,Loyal To The Game,33lk2GnP8cJzl7cd1OJrXn,4
Hard Knock Life (Ghetto Anthem),JAY Z,"Def Jam 25, Vol. 25 - Classics (Explicit Version)",6TddYOEdDTqwA6bstNwPQj,5
Suga Suga,Baby Bash,Tha Smokin' Nephew,42LlDinsxjsByAqqpZXRp4,1
Street Talkin',Slick Rick,The Art Of Storytelling,4cZL0gsOEIOPLXdhc18vex,3
Bow Down,Westside Connection,Bow Down,5VCY0uIkkoaaji9ciCLS0D,2
Laffy Taffy,D4L,Down For Life,5PE3OnyEPOlTShpjij8Wfp,2
Liquor Locker,Vic Mensa,There's Alot Going On,5ebtbHmQ7WZpgKtH8ir14W,5
Jump,Lupe Fiasco,DROGAS Light,5URLytQmeXTIT7B4U1Tynd,5
All Eyez (feat. Jeremih) [Bonus Track],The Game,1992,0Fn0R9r4naqKNDjCTEg5e7,13
Hate Me Now (feat. Puff Daddy),Nas,I Am...,4UhEjfIRx4tE1XRY21vwNa,3
Mind Playing Tricks on Me,Geto Boys,We Can't Be Stopped,2MJEvcUvsLPjsvVgqn8xa4,6
To the Max,DJ Khaled,Grateful,3HhZbSJdhOqMSaRbEt3gtw,3
Powerglide (feat. Juicy J) - From SR3MM,Rae Sremmurd,SR3MM,4vLYreWxd2ptOAzPwTyBI3,7
NEVER,JID,The Never Story,1gPqbxhs90kppgOVxGOPzd,3
Fake Love,Drake,More Life,1lXY618HWkwYKJWBRYR4MK,20
Dip (feat. Nicki Minaj),Tyga,Dip (feat. Nicki Minaj),5oAJLGCjjlaa4EM4Rxmjza,1
100 (feat. Drake),The Game,The Documentary 2,4CPMuMFHgMhjlx5ZIzypFL,17
Rake It Up,Yo Gotti,I Still Am,1tSsb3t0pqVVONvBJivoT9,4
Just Another Day,Too $hort,Get In Where You Fit In,6vY2blBiw3lUeYPJhDgPWd,3
Hard Work Pays Off,Future,Future & Juice WRLD Present... WRLD ON DRUGS,6P9PZjWXoCRF5b66BafPKY,16
One Time Comin',YG,Red Friday,4VqdntbxmB7r1At6sPKRnb,8
Trap Paris (feat. Quavo & Ty Dolla $ign),Machine Gun Kelly,bloom,3yWRq9Dd2UO5xyqxTjLDmp,7
Chief Rocka,Lords Of The Underground,Here Come The Lords,15nPVESpZNf0QBRwu2sMbI,11
ULT,Denzel Curry,Imperial,42fyKPanos0Q3woi848ktg,1
"U.O.E.N.O. (feat. Rick Ross, Future)",Rocko,Gift Of Gab 2 (Deluxe Edition),4EQhr3EJRD17G04xpJybMF,3
Give Up the Goods (Just Step) (feat. Big Noyd),Mobb Deep,The Infamous,1cCAb1vN8uUsdfEylVmTLs,6
Shoota (feat. Lil Uzi Vert),Playboi Carti,Die Lit,7dAm8ShwJLFm9SaJ6Yc58O,6
Dance with the Devil,Gucci Mane,Droptopwop,0smWYh2nQsaZNonBGZpZMn,7
Da Rockwilder,Method Man,Blackout!,5K9kD50P66neofCR8BoYxg,7
Fingers Blue (feat. Travis Scott),Smokepurpp,Deadstar,2TWKabrKN6YOZ1jgqo97uz,8
No Frauds,Nicki Minaj,No Frauds,40l9uf8fvmVzRRXQCVwhOJ,1
beibs in the trap,Travis Scott,Birds In The Trap Sing McKnight,42WVQWuf1teDysXiOupIZt,5
Comfortable,K CAMP,Only Way Is Up (Deluxe),7lrsfwcRiLCeWFM3u38DzB,9
Transportin',Kodak Black,Project Baby 2,51wp3EOOp2mBIjhZjR7W0i,10
Calm Down,G-Eazy,When It's Dark Out,09Q3WwGYsQe5ognkvVkmCu,8
Forbidden Fruit,J. Cole,Born Sinner,1NfrmcXk8xNennyxQ57JcW,11
"East Coast REMIX (feat. Busta Rhymes, A$AP Rocky, Dave East, French Montana, Rick Ross & Snoop Dogg)",A$AP Ferg,Still Striving,0tQ7Iu6EicQTPyhYRNWjaT,12
Ooh Yea (feat. Ty Dolla $ign),Fabolous,Ooh Yea (feat. Ty Dolla $ign),7cPEZm1M4KehrwyWBTMRCa,1
B.M.F. (Blowin' Money Fast),Rick Ross,Teflon Don,0jipZxGtkTDHjVerLkzO80,9
Da Joint,EPMD,Back In Business,1Qt9lGRPR8IVorUnjscB3u,3
REDMERCEDES,Aminé,REDMERCEDES,657XYEwejcZZ2rO0kutks8,1
Shooters,Tory Lanez,MEMORIES DON'T DIE,4RQIHpmmapmEpOFNi2GvAB,3
Switch,6LACK,East Atlanta Love Letter,3fc97ZWLIMc1xawhxbKrh2,8
Na Na,Trey Songz,Trigga,00no0cywmc15sIIoys7kM9,3
All Around The World (feat. Desiigner),Mura Masa,Mura Masa,0NBTBo1qrg554sAj79nEqD,5
La Raza,Kid Frost,Hispanic Causing Panic,54du51RSgc4enNk2K2E2JX,1
Just a Friend,Biz Markie,Just A Friend - EP,32wD8Cv9HKBXiVumGQsZVL,1
Goldie,A$AP Rocky,LONG.LIVE.A$AP (Deluxe Version),6rzMufuu8sLkIizM4q9c7J,2
Stay Fly - Explicit Album Version,Three 6 Mafia,Most Known Unknown (Explicit),0kTLdP4XPeJGsbr2L8ikyF,2
Ned Flanders (feat. A$AP Ferg),MadeinTYO,Ned Flanders (feat. A$AP Ferg),6ype8Ax1cvN5DBqBKBVAkw,1
FaceTime,21 Savage,Issa Album,4QUNWTw2FsIz722xjUjFJw,3
Work Out,J. Cole,Cole World: The Sideline Story,0fhmJYVhW0e4i33pCLPA5i,16
That Far,6LACK,That Far,3Yvipkm19cAQj9IxIyd0uq,1
Psycho (feat. Ty Dolla $ign),Post Malone,beerbongs & bentleys,6trNtQUgC8cgbWcqoMYkOR,8
Iced Out (feat. 2 Chainz),Lil Pump,Lil Pump,2VVvm4zJlUQm9XmBCvGN6z,12
Make Me Proud,Drake,Take Care (Deluxe),63WdJvk8G9hxJn8u5rswNh,10
Noticed,Lil Mosey,Northsbest,6TNJNEulnWQNnq0o3N23Za,3
pick up the phone,Young Thug,pick up the phone,4MDMfOdhV1IyoRnklwOHG9,1
CLOUT COBAIN | CLOUT CO13A1N,Denzel Curry,TA13OO,6idVoBWP2mt1qoMtASm3gc,5
"Ain't No Fun (If the Homies Cant Have None) (feat. Nate Dogg, Warren G & Kurupt)",Snoop Dogg,Doggystyle,7f9KDGqY7X2VLBM5aA66KM,10
Young Dumb & Broke REMIX,Khalid,Young Dumb & Broke REMIX,6vrrbOMBroFqkioQUlBUPp,1
All We Got (feat. Kanye West & Chicago Children's Choir),Chance the Rapper,Coloring Book,71QyofYesSsRMwFOTafnhB,1
Without Me,Eminem,The Eminem Show,2cWBwpqMsDJC1ZUwz813lo,10
"Gucci On My (feat. 21 Savage, YG & Migos)",Mike WiLL Made-It,Ransom 2,0jqcY0azNzkluuC8hxNGlw,4
California Love - Original Version,2Pac,Greatest Hits,1WBZyULtlANBKed7Zf9cDP,6
Hello - Feat. Dr. Dre And MC Ren,Ice Cube,War & Peace Vol. 2 (The Peace Disc),3RjokVpEMWreOuyN1DBskW,1
"Ice Cream (feat. Ghostface Killah, Method Man & Cappadonna)",Raekwon,Only Built 4 Cuban Linx,7btiyhWzUfzxN3ijSiBpC8,15
Shortie Like Mine,Bow Wow,The Price Of Fame,0cfwmswewpMIQLfzVium6s,6
There's Alot Going On,Vic Mensa,There's Alot Going On,5ebtbHmQ7WZpgKtH8ir14W,7
Mask Off - Remix,Future,FUTURE,17FBoXK1NU2rvJBbzdzw0r,19
Curve (feat. The Weeknd),Gucci Mane,Mr. Davis,2aTOwGU66ocsf8IQpOI0XZ,5
JAPAN,Famous Dex,Dex Meets Dexter,5wCuMMmsjXNZ9yU91sEjf7,3
Venom - Music From The Motion Picture,Eminem,Kamikaze,3HNnxK7NgLXbDoxRZxNWiR,13
"UP! (feat. Chris Brown, Pleasure P) (R&B Remix Mix)",J. Valentine,UP! (R&B Remix) (feat. Chris Brown & Pleasure P) - Single,3gS3Hrq5Y04qhPgmGPqnhv,1
YOSEMITE,Travis Scott,ASTROWORLD,41GuZcammIkupMPKH2OJ6I,12
Boredom,"Tyler, The Creator",Flower Boy,2nkto6YNI4rUYTLqEwWJ3o,8
Poetic Justice,Kendrick Lamar,"good kid, m.A.A.d city (Deluxe)",3DGQ1iZ9XKUQxAUWjfC34w,6
Da Graveyard,Big L,Lifestylez Ov Da Poor & Dangerous,7xvBUHu5jJ7X0wdRHudLFD,8
Lockjaw (feat. Kodak Black),French Montana,Lockjaw (feat. Kodak Black),7sSW3tQBtQrO7f6uO4Bcxq,1
Better Now,Post Malone,beerbongs & bentleys,6trNtQUgC8cgbWcqoMYkOR,9
Drowning (feat. Kodak Black),A Boogie Wit da Hoodie,The Bigger Artist,3HHp5I6Q6SEyU5bkvoCtnV,3
The Motto,Drake,Take Care (Deluxe),6X1x82kppWZmDzlXXK3y3q,19
No Flockin,Kodak Black,No Flockin,12YTH28wiBXQ16gvWOCMLU,1
Shake It Up,Trippie Redd,LIFE'S A TRIP,214f4uAY0p2KgY7Fl4fBgk,11
The Ghetto,Too $hort,Short Dog's In The House,3zelBkWHW8aaKkSSX1fdSt,3
Watch (feat. Lil Uzi Vert & Kanye West),Travis Scott,Watch (feat. Lil Uzi Vert & Kanye West),7hVFsGvQ1apmp4EAldMwID,1
Herside Story,GoldLink,At What Cost,18JrBX1QkpnUSJF3oxX6RX,6
Weekend (feat. Miguel),Mac Miller,GO:OD AM,2Tyx5dLhHYkx6zeAdVaTzN,7
She Will,Lil Wayne,Tha Carter IV (Deluxe),1uuSC0RCJB3dSp8Mb6GflZ,6
Both Eyes Closed (feat. 2 Chainz and Young Dolph),Gucci Mane,Droptopwop,0smWYh2nQsaZNonBGZpZMn,8
Head On,YoungBoy Never Broke Again,4Respect 4Freedom 4Loyalty 4WhatImportant,4tCZ22E9RnUz09OaDJfaoO,6
Playaz Club,Rappin' 4-Tay,Don't Fight The Feelin',1VUlxoPvDA8PfUDHTic793,6
I Want (feat. 2 Chainz),MadeinTYO,You Are Forgiven,0jlFChyFxDKLRNx8b59Ywz,3
100's (feat. Chief Keef & A.E.),Tyga,Bitch I'm the Shit 2,4BqsBWrnGJQHSgmA9xk5rh,15
Cyclone (feat. T-Pain) - Main,Baby Bash,Cyclone (feat. T-Pain) [Main],3ks3UxTLwmTGJW2VNtlQdw,1
Jus Lyke Compton,DJ Quik,Born And Raised In Compton: The Greatest Hits,6TTsyHPY6wg1djlwSCGZpk,6
The Game & Skrillex: El Chapo,The Game,The Documentary 2.5,19tRwHQ4ZoKnwa1S8zB041,18
Still D.R.E.,Dr. Dre,2001,0qRYw8PUU2AE7MPTvC9AwF,4
Not Alike (feat. Royce Da 5'9),Eminem,Kamikaze,3HNnxK7NgLXbDoxRZxNWiR,8
Saved,Ty Dolla $ign,Free TC,2DtLmzu6cCDYO9U53a6hRA,2
Devil In A New Dress,Kanye West,My Beautiful Dark Twisted Fantasy,20r762YmB5HeofjMCiPMLv,8
Wing$,Macklemore & Ryan Lewis,The Heist,76FXHQhTuT4QMIxfL09gX8,11
Back To Back,Drake,Back To Back,79qV4McLzhs8U3FyRKnocz,1
Who Got Da Props,Black Moon,Enta da Stage,6WqXR9PUGCCQe26QDL5gY3,3
"Never Recover (Lil Baby & Gunna, Drake)",Lil Baby,Drip Harder,2yXnY2NiaZk9QiJJittS81,13
Real Hitta (feat. Kodak Black),Plies,Real Hitta (feat. Kodak Black),2WrruSvj5i3k5j7xlQEaX6,1
GHOST,Jaden,GHOST,71kz3StN2w22LQBLT1gFS8,1
FML,Kanye West,The Life Of Pablo,7gsWAHLeT0w7es6FofOXk1,11
Blueberry Yum Yum,Ludacris,The Red Light District,1KushUovbraTDRu9sbO5fg,5
Crazy Rap (Colt 45 & 2 Zig Zags),Afroman,The Good Times,5WW91LUt9Oqkhzrg0Ao4K0,2
BUTTERFLY EFFECT,Travis Scott,ASTROWORLD,5qeikHFUgeO8f8HXm8k4cA,15
Come Get Her,Rae Sremmurd,SremmLife,6eDx949ONWDCN0O22wFZf7,6
What They Want,Russ,There's Really A Wolf,0lUL92det7mZ4DaHYmiUEC,11
Remember You (feat. Blackbear),G-Eazy,These Things Happen,6wDc63NhKy2PyXdbhkRmrl,14
We The People....,A Tribe Called Quest,We got it from Here... Thank You 4 Your service,3WvQpufOsPzkZvcSuynCf3,2
Low (feat. T-Pain),Flo Rida,Mail on Sunday,5j1wrOAOm5KFd17pPiSvle,5
This Is America,Childish Gambino,This Is America,7arx9qPJexCsDz67El4qvk,1
Buggin' Out,A Tribe Called Quest,The Low End Theory,1p12OAWwudgMqfMzjMvl2a,2
Smile,Scarface,Greatest Hits,5wmfZWzWjS1UARhcZSirf4,7
Keep It On The Real,3X Krazy,Stackin Chips,3MjXVi1RCs3vAjt9dE56D4,2
Man's Not Hot,Big Shaq,Man's Not Hot,5d2vrwvK9NqOd5S54Hu50A,1
First Day Out,Tee Grizzley,My Moment,6074OsmUN1PdFgy0zTP4Fn,2
I Got the Keys (feat. Jay-Z & Future),DJ Khaled,Major Key,5qHyKDjwycRj1fJyPLt2HQ,1
See You Again (feat. Charlie Puth),Wiz Khalifa,See You Again (feat. Charlie Puth),5FXIqS1XqbpfOKNoi5VUwS,1
No Problem (feat. Lil Wayne & 2 Chainz),Chance the Rapper,Coloring Book,71QyofYesSsRMwFOTafnhB,2
CAROUSEL,Travis Scott,ASTROWORLD,41GuZcammIkupMPKH2OJ6I,2
Planez,Jeremih,Late Nights: The Album,7DMyQuDPe8xzjC0UDSDa96,1
Telephone Calls,A$AP Mob,Cozy Tapes: Vol. 1 Friends -,3RaACfwYTY9uiDy3VSWLLc,12
"Flava in Ya Ear Remix (feat. Notorious B.I.G., L.L. Cool J, Busta Rhymes, Rampage)",Craig Mack,Flava In Ya Ear Remix,7mYcq3B0faiA5IvhDCdypL,2
U and Dat (feat. T. Pain & Kandi Girl),E-40,My Ghetto Report Card,3VqKqWHOHYfZqttJ0WwQHl,13
Somethin Tells Me,Bryson Tiller,True to Self,7nn2Iaphg0Vc1NCGULkhVo,18
Show Me (feat. Chris Brown),Kid Ink,My Own Lane (Expanded Edition),6qBNm8dkdowRUUrN7uwR11,3
Backyard Boogie,Mack 10,Based On A True Story,0i7KKsfzuGq5Awx5CBfxRH,5
679 (feat. Remy Boyz),Fetty Wap,679 (feat. Remy Boyz),0TyDTzG2zt2tg0wONT9wSU,1
The Breaks,Kurtis Blow,Kurtis Blow,1ZcUKK3nnmuYVGEUBxXSXt,2
I'm Goin In,Drake,So Far Gone,61NNWRxokNUQx0aYysBL76,5
Get Low featuring Ying Yang Twins,Lil Jon & The East Side Boyz,Crunkest Hits,05jX3Kda6BmEpACV7unScz,1
WIN,Jay Rock,Redemption,6PpxiZQQonnX3aS52Ayr9A,13
F.B.G.M.,T-Pain,F.B.G.M.,5x7rl9blMybEIwYRE9LZO8,1
Set It Off,Bryson Tiller,True to Self,7nn2Iaphg0Vc1NCGULkhVo,15
Murder Was The Case (Death After Visualizing Eternity) (feat. Dat Nigga Daz),Snoop Dogg,Doggystyle,7f9KDGqY7X2VLBM5aA66KM,6
Magnolia,Playboi Carti,Playboi Carti,4rJgzzfFHAVFhCSt2P4I3j,2
4th Chamber,GZA,Liquid Swords,3k8xoyOXkGgZxUKgpmxz4P,7
Leflaur Leflah Eshkoshka,Heltah Skeltah,Nocturnal,2y2mVMtsGw109N65M3NiWO,13
The Ringer,Eminem,Kamikaze,3HNnxK7NgLXbDoxRZxNWiR,1
Money Showers,Fat Joe,Plata O Plomo,1hyd7RYmR54Elg3MhZzXJW,10
LUST.,Kendrick Lamar,DAMN.,4eLPsYPBmXABThSJ821sqY,9
Slippery (feat. Gucci Mane),Migos,Culture,2AvupjUeMnSffKEV05x222,6
Black SpiderMan,Logic,Everybody,1HiN2YXZcc3EjmVZ4WjfBk,12
Walked In,Bankroll Fresh,Life Of A Hot Boy 2 : Real Trapper,1Pg35HAGyWOsZNYLHx0t90,8
How To Love,Lil Wayne,Tha Carter IV (Deluxe),1uuSC0RCJB3dSp8Mb6GflZ,12
Nobody Else but You,Trey Songz,Tremaine The Album,5gQtvMHA7yqdzKXrHpe63C,4
Album of the Year - Freestyle,J. Cole,Album of the Year (Freestyle),2uL4yvjeT0c3Wv8CF9lQcN,1
"If I'm Lyin, I'm Flyin",Kodak Black,"If I'm Lyin, I'm Flyin",1AZ4N4W8z8Cij5osl8ZhfD,1
TAlk tO Me (with Rich The Kid),Tory Lanez,TAlk tO Me (with Rich The Kid),1aUmziQmPRCuIEOa6noB16,1
Rain Come Down,Vince Staples,Big Fish Theory,5h3WJG0aZjNOrayFu3MhCS,12
I Wanna Get High,Cypress Hill,Black Sunday,02lktkm4J7K7N8T63Gm7KX,1
Hypnotize - 2014 Remaster,The Notorious B.I.G.,Life After Death (2014 Remastered Edition),7dRdaGSxgcBdJnrOviQRuB,3
Remember the Name (feat. Styles of Beyond),Fort Minor,The Rising Tied,5v4Vx9loqMQCS3J7OmP9pa,2
F*ck Up Some Commas,Future,DS2 (Deluxe),0fUy6IdLHDpGNwavIlhEsl,18
This D.J.,Warren G,Regulate… G Funk Era,2VMGv3inRLPM4GOMXf37qu,8
L$D,A$AP Rocky,AT.LONG.LAST.A$AP,3arNdjotCvtiiLFfjKngMc,4
44 More,Logic,Bobby Tarantino II,4F87p1aiFwHeU4uu65MaPV,13
Many Men (Wish Death),50 Cent,Get Rich Or Die Tryin',4ycNE7y1rp5215g1kkqk1P,4
Mockingbird,Eminem,Encore (Deluxe Version),1kTlYbs28MXw7hwO0NLYif,16
Heartless (feat. Rick Ross & Bigga Rankin),YFN Lucci,Long Live Nut,3rC6vGpgXntVIsIkrw1tol,2
Fine China,Future,Future & Juice WRLD Present... WRLD ON DRUGS,6P9PZjWXoCRF5b66BafPKY,3
Emotionless,Drake,Scorpion,1ATL5GLyefJaxhQzSPVrLX,4
3005,Childish Gambino,Because The Internet,0zi2TaQkYxfXIBvl2yTjQJ,9
Live up to My Name,Baka Not Nice,4Milli,5AeMtMpAHxMLf6ZEofJ8H1,2
It Ain't Hard to Tell,Nas,Illmatic XX,6oSHgr3TZJPCFshYUfBDqE,10
Collard Greens,ScHoolboy Q,Oxymoron (Deluxe),7Et3bSTLLqdABO1qCxUplS,3
In Da Club,50 Cent,Get Rich Or Die Tryin',5G5rgQHzdQnw32SI0WjIo5,5
Bounce Out With That,YBN Nahmir,YBN: The Mixtape,6l4itLa2SkBAVBASZ2WKFv,23
All Falls Down,Kanye West,The College Dropout,4Uv86qWpGTxf7fU7lG5X6F,4
Passin' Me By,The Pharcyde,Bizarre Ride II The Pharcyde,48kU5gP41TqZEw32Cwhsna,12
Stronger,Kanye West,Graduation,3SZr5Pco2oqKFORCP3WNj9,3
Sound Is Vibration,Atmosphere,Overcast!,0vj48avsbiU6Q2WfNPVNj6,9
Body Like A Back Road,Sam Hunt,Body Like A Back Road,2N7kidh1wA9EoLdf16QWrz,1
Too Hotty,Quality Control,Quality Control: Control The Streets Volume 1,07Jvk8tGuaMhR4H72znlLJ,26
High End (feat. Future & Young Thug),Chris Brown,Heartbreak on a Full Moon,3zak0kNLcOY5vFcB3Ipskp,31
Where The Hood At,DMX,Grand Champ,0FeqrLI13XnYNY1s414uQd,3
Pull The Trigger,Russ,There's Really A Wolf,0lUL92det7mZ4DaHYmiUEC,19
Call Me,NAV,Perfect Timing,6VFETcEfjilkAng073KLt9,10
Candy Shop,50 Cent,The Massacre,2pidzXTaHV4WaIJYRxKDCH,7
Guilty Conscience,Eminem,The Slim Shady LP,0vE6mttRTBXRe9rKghyr1l,3
Beautiful,Snoop Dogg,Paid Tha Cost To Be Da Bo$$,7F9hfZKh6WLOKME4LwCPZI,8
Bank Account,21 Savage,Issa Album,4QUNWTw2FsIz722xjUjFJw,1
Lotus Flower Bomb (feat. Miguel),Wale,Ambition,0jCVC8ndYYOooEY2YTO1l6,5
Biking,Frank Ocean,Biking,7yOOPJjNelITCaYMqk8V6r,1
Back In The Day,Ahmad Lewis,Ahmad,1oRFXTDboyfWXB0c1z6QiT,2
I'm On One,DJ Khaled,We The Best Forever,7FyxsUO4kVqRfo2ne1aUOg,1
Family Don't Matter (feat. Millie Go Lightly),Young Thug,Beautiful Thugger Girls,51KZKzPd3OQT1r46a55VTt,1
Just Another Case,Cru,Da Dirty 30,38qjFxaMcaV2ldcjFAxsus,4
Man Of The Year,ScHoolboy Q,Oxymoron (Deluxe),7Et3bSTLLqdABO1qCxUplS,12
Changes - Greatest Hits Version,2Pac,The Best Of 2Pac (Pt. 1: Thug),0gzbg4ViKIcSwuGYkkd6GD,7
What's The Difference,Dr. Dre,2001,0qRYw8PUU2AE7MPTvC9AwF,7
Bodak Yellow,Cardi B,Invasion of Privacy,4KdtEKjY3Gi0mKiSdy96ML,4
Esskeetit,Lil Pump,Esskeetit,4q4GytnRgPS9hDyujg8Sg0,1
Drank in My Cup,Kirko Bangz,Drank In My Cup,7tivRA9WDD0rWVazWm2pFS,1
Bigger Than You (feat. Drake & Quavo),2 Chainz,Bigger Than You feat. Drake & Quavo,3Lh72gPELN4MIUJd3dYN6I,1
Panda,Desiigner,New English,0cHT4ll3sEPyFFWoFuibMl,14
Kill Jill (feat. Killer Mike & Jeezy),Big Boi,BOOMIVERSE,6QYvXMy5cCaY4ixowAb5sw,2
Leave Me,Rich The Kid,The World Is Yours,1Hno6CtKbaFNAEPjRHDrc6,4
TATI,6ix9ine,TATI,3VAUdOuQJyEJE8OhdPzhRB,1
Numb / Encore,JAY Z,Numb/Encore: MTV Ultimate Mash-Ups Presents Collision Course,4lhyg7YGQagE8FT8cZBqyw,1
Shame On a Nigga,Wu-Tang Clan,Enter The Wu-Tang (36 Chambers) [Expanded Edition],3tQd5mwBtVyxCoEo4htGAV,2
911 / Mr. Lonely,"Tyler, The Creator",Flower Boy,2nkto6YNI4rUYTLqEwWJ3o,10
I Must Be High,South Park Mexican,Never Change,062AwdcinoKIdI7N5CFUUI,4
Valet (feat. Fetty Wap and 2 Chainz),Eric Bellinger,Cuffing Season Part 2,0A9zfrRQRAxBDPfcLpk2Wq,2
"Go Off (with Lil Uzi Vert, Quavo & Travis Scott)",Lil Uzi Vert,Go Off,3G9US0Byt1UldeKifKPIwa,1
Go Flex,Post Malone,Stoney (Deluxe),5s0rmjP8XOPhP6HhqOhuyC,9
Take A Step Back,Ski Mask The Slump God,You Will Regret (Reloaded),2pTyjuQ1d1d79Chhknoa2h,2
Protect Ya Neck,Wu-Tang Clan,Enter The Wu-Tang (36 Chambers) [Expanded Edition],3tQd5mwBtVyxCoEo4htGAV,10
Don't Believe The Hype,Public Enemy,It Takes A Nation Of Millions To Hold Us Back,03Mx6yaV7k4bsEmcTH8J49,3
Brooklyn Zoo,Ol' Dirty Bastard,Return To The 36 Chambers: The Dirty Version,4tI4WJdTN5MzDMRMl2i7VR,4
Fuck You,Dr. Dre,2001,0qRYw8PUU2AE7MPTvC9AwF,3
rockstar (feat. 21 Savage),Post Malone,beerbongs & bentleys,6trNtQUgC8cgbWcqoMYkOR,6
SWISH,Tyga,SWISH,4RH1KjpPQxqtOTyV6WikPh,1
ELEMENT.,Kendrick Lamar,DAMN.,4eLPsYPBmXABThSJ821sqY,4
Both (feat. Drake & Lil Wayne) - Remix,Gucci Mane,Both (feat. Drake & Lil Wayne) [Remix],3VfEDnEq6IVsBiYTWmOf2b,1
From The D To The A (feat. Lil Yachty),Tee Grizzley,From The D To The A (feat. Lil Yachty),3YuHePPmc5VN4usLuIBT91,1
Fashion Killa,A$AP Rocky,LONG.LIVE.A$AP (Deluxe Version),6rzMufuu8sLkIizM4q9c7J,10
They Reminisce Over You (T.R.O.Y.),Pete Rock & C.L. Smooth,Mecca And The Soul Brother,2AgTKAULjbHpqqtyI53hdp,10
KOD,J. Cole,KOD,4Wv5UAieM1LDEYVq5WmqDd,2
Bust Down,Trippie Redd,A Love Letter To You 2,55XA1uIQSqmlTBkVVx6ptz,1
Dead And Gone (feat. Justin Timberlake),T.I.,Paper Trail,5PfepkNWgRR2DI02Y8AawC,16
ICY GRL,Saweetie,High Maintenance,4Sz0PugCLKo0CEA7zgPplW,5
FEFE (feat. Nicki Minaj & Murda Beatz),6ix9ine,FEFE (feat. Nicki Minaj & Murda Beatz),0gjZidNFs7O2qqE2Z5elJ3,1
Still Fly,Big Tymers,Hood Rich,3qcWuKB3pGWcB07FWksnWr,3
C.R.E.A.M.,Wu-Tang Clan,Enter The Wu-Tang (36 Chambers) [Expanded Edition],3tQd5mwBtVyxCoEo4htGAV,8
4 AM,2 Chainz,Pretty Girls Like Trap Music,5vvvo79z68vWj9yimoygfS,4
You Can Do It - Feat. Mack 10 And Ms Toi,Ice Cube,War & Peace Vol. 2 (The Peace Disc),3RjokVpEMWreOuyN1DBskW,9
Champion (feat. Travis Scott),NAV,RECKLESS,1hTrdWpdPEeXHQWc9GmpxZ,5
Ooh Ahh (My Life Be Like) (feat. Toby Mac),Grits,The Art of Translation,2DtNX7KFKsCf1CNJt5gvif,2
Only God Can Judge Me,2Pac,All Eyez On Me,4CzT5ueFBRpbILw34HQYxi,10
Who Do You Love?,YG,My Krazy Life (Deluxe),4F6GGyqtJoF4EOxDgsKzsB,10
D.R.U.G.S.,Ab-Soul,Do What Thou Wilt.,1CEeqK9sKrE7LzUHeT3bfP,12
Gimme the Loot - 2005 Remaster,The Notorious B.I.G.,Ready to Die (The Remaster),2HTbQ0RHwukKVXAlTmCZP2,3
Lord Pretty Flacko Jodye 2 (LPFJ2),A$AP Rocky,AT.LONG.LAST.A$AP,3arNdjotCvtiiLFfjKngMc,7
Wild Thoughts (feat. Rihanna & Bryson Tiller),DJ Khaled,Grateful,4JBZ0QHveEpESepanNBG8A,3
Hotline Bling,Drake,Views,40GMAhriYJRO1rsY4YdrZb,20
Who Want The Smoke? (feat. Cardi B & Offset),Lil Yachty,Nuthin' 2 Prove,4qplno3lbet8WvuTGdDG3T,8
Neighbors,J. Cole,4 Your Eyez Only,3CCnGldVQ90c26aFATC1PW,7
RAP DEVIL,Machine Gun Kelly,BINGE,5YuscmEJSgkwWzBafTBKse,4
Nephew (feat. Lil Pump),Smokepurpp,Nephew (feat. Lil Pump),2TeGNWZYaj9yeM0mjiO8zL,1
Burbons And Lacs,Master P,Ghetto D,699xAzNxlXxgmkycTEqktC,19
Say A',A Boogie Wit da Hoodie,The Bigger Artist,3HHp5I6Q6SEyU5bkvoCtnV,4
Codeine Dreaming (feat. Lil Wayne),Kodak Black,Project Baby 2: All Grown Up (Deluxe),0D2kFxAO1YPAuxAtP23g0p,20
Hell on Earth (Front Lines),Mobb Deep,Hell On Earth (Explicit),6BWf3fxsgSDhES4Cm4oyy5,11
Sing For The Moment,Eminem,The Eminem Show,2cWBwpqMsDJC1ZUwz813lo,12
R.I.P. SCREW,Travis Scott,ASTROWORLD,41GuZcammIkupMPKH2OJ6I,4
Gin And Juice (feat. Dat Nigga Daz),Snoop Dogg,Doggystyle,7f9KDGqY7X2VLBM5aA66KM,3
You Got Me,G-Eazy,When It's Dark Out,09Q3WwGYsQe5ognkvVkmCu,10
Portland,Drake,More Life,1lXY618HWkwYKJWBRYR4MK,11
Big Poppa - 2005 Remaster,The Notorious B.I.G.,Ready to Die (The Remaster),2HTbQ0RHwukKVXAlTmCZP2,13
Crooked Smile,J. Cole,Born Sinner,1NfrmcXk8xNennyxQ57JcW,14
Mass Appeal,Gang Starr,Hard To Earn,67kl5m0df6Bn0aSe3g5Ea7,11
Renegade,JAY Z,Curtain Call,5qENHeCSlwWpEzb25peRmQ,6
Ten Crack Commandments - 2014 Remaster,The Notorious B.I.G.,Life After Death (2014 Remastered Edition),7dRdaGSxgcBdJnrOviQRuB,17
Why You Always Hatin?,YG,Still Brazy (Deluxe),4nwd6ernojhNIIRifDJoRz,9
Drip Too Hard (Lil Baby & Gunna),Lil Baby,Drip Harder,2yXnY2NiaZk9QiJJittS81,12
LOYALTY. FEAT. RIHANNA.,Kendrick Lamar,DAMN.,4eLPsYPBmXABThSJ821sqY,6
24 Deep,Brotha Lynch Hung,24 Deep,4gCnZQhgPuOIodlcMfJMxT,2
Everybody Dies,Logic,YSIV,1lyjkFTJ6yxUyNYysWVBo9,2
Comin Out Strong,Future,HNDRXX,7K6OykPbezfgKgBufihn6X,2
100 Miles And Runnin',N.W.A.,100 Miles And Runnin',2Y4B6Trqus0soAH3Gs8mPj,1
Mona Lisa (feat. Kendrick Lamar),Lil Wayne,Tha Carter V,50yFYgKdwJANZ5O9MIbMkg,8
Feelins,PnB Rock,Catch These Vibes,2sCwWLX6DJgjCACS0iEBHD,17
Real Rich (feat. Gucci Mane),Wiz Khalifa,Rolling Papers 2,0YFou4SbS16F4GhSADLDfz,10
Taking A Walk,Trippie Redd,LIFE'S A TRIP,214f4uAY0p2KgY7Fl4fBgk,2
Caroline,Aminé,Good For You,3lajefIuUk4SfzqVBSJy8p,3
Snap Yo Fingers,Youngbloodz,Snap Yo Fingers - Single,5ot3hAGLgvrmfZ3ddosFZf,1
DEVASTATED,Joey Bada$$,ALL-AMERIKKKAN BADA$$,6swV0WUnPygRIMgEKn6Ige,5
DNA.,Kendrick Lamar,DAMN.,4eLPsYPBmXABThSJ821sqY,2
Ultralight Beam,Kanye West,The Life Of Pablo,7gsWAHLeT0w7es6FofOXk1,1
Halftime,Nas,Illmatic XX,6oSHgr3TZJPCFshYUfBDqE,5
It Takes Two,Rob Base & DJ EZ Rock,It Takes Two,5tocCryeqWvFXn65seo0p6,1
Shimmy Shimmy Ya,Ol' Dirty Bastard,Return To The 36 Chambers: The Dirty Version,4tI4WJdTN5MzDMRMl2i7VR,2
Perfect,Dave East,Paranoia: A True Story,6JfjkZevPkcrVop48QOEL1,6
Red Roses (feat. Landon Cube),Lil Skies,Life of a Dark Rose,0CuYNS755Ow710G2E7aLDE,3
Award Tour,A Tribe Called Quest,Midnight Marauders,4v5x3Oo3UjQ9YmF3hRAip5,3
Children's Story,Slick Rick,The Great Adventures Of Slick Rick,71mmTJdWvpkzQNmVfFbRdN,3
Chanel (Go Get It) [feat. Gunna & Lil Baby],Young Thug,Slime Language,4OHfmMUq6xwCo8zfQuc9Rf,6
Victory (feat. The Notorious B.I.G. & Busta Rhymes),Diddy,No Way Out,4OGaOZUHLhSeiicZB909aL,2
Dilemma,Nelly,Nellyville,1kh5XByhI0DDWV7m9kddr0,10
Ridin',Chamillionaire,The Sound of Revenge,31dzB4ULKZfOH71tuaBiR8,4
Alwayz Into Somethin',N.W.A.,Efil4zaggin,3OSID3YChn6nOjfUAlSXQZ,7
Nothing but Trouble - Instagram Models,Lil Wayne,Nothing But Trouble (Instagram Models),11e5zCxCAmhFTG5nnnZibS,1
Caribou Lou,Tech N9ne,Everready,7eUmMXeZLYIn4IKpyko33w,9
Stir Fry,Migos,Culture II,7fd7SEK25VS3gJAUgSwL6y,9
Mo Bamba,Sheck Wes,MUDBOY,15Id9Jrqab8IwHFirdrrLp,9
Free Smoke,Drake,More Life,1lXY618HWkwYKJWBRYR4MK,1
Imagine That,Kevin Gates,By Any Means 2,02e3tbWQsLhC2erf6eFqmO,11
Let's Go (feat. Big D & Twista),Trick Daddy,Thug Matrimony: Married To The Streets,2Ve8rF1LYTRGl3ZAI2z2YT,2
Buy U a Drank (Shawty Snappin') (feat. Yung Joc),T-Pain,Epiphany,1fXu5FuLGSpQdmG5SWJfXL,12
Energy,Drake,If You're Reading This It's Too Late,0ptlfJfwGTy0Yvrk14JK1I,2
You,Lloyd,Street Love,6Lq7nLkIq7C0zVJp0OGSGO,2
Ric Flair Drip (& Metro Boomin),Offset,Without Warning,0MV1yCXcNNQBfwApqAVkH0,3
Smack That,Akon,Konvicted,13C2pc5O7ofZKd4p2VYO3S,3
Soul Survivor,Jeezy,Let's Get It: Thug Motivation 101,6hiOeC9YErltT6CnK4pfJN,14
All The Stars (with SZA),Kendrick Lamar,Black Panther The Album Music From And Inspired By,3pLdWdkj83EYfDN6H2N8MR,2
Nas Is Like,Nas,I Am...,4UhEjfIRx4tE1XRY21vwNa,13
Livin' Proof,Group Home,Livin' Proof,3fbcKscWKVKFcgdX1XaWFf,3
I Like It,Cardi B,Invasion of Privacy,4KdtEKjY3Gi0mKiSdy96ML,7
Wrist,Logic,Bobby Tarantino,0WMr3ulx5Mzi1B3C8LsHVA,6
No Sleep Till Brooklyn,Beastie Boys,Licensed To Ill,11oR0ZuqB3ucZwb5TGbZxb,8
Digits,Young Thug,Slime Season 3,2z4c8M8aVzl7CTobIp36KF,5
"I Need a Girl, Pt. 2 (feat. Loon, Ginuwine & Mario Winans)",Diddy,Bad Boy's 10th Anniversary- The Hits,46JQVqJpOg8opDLUl1qHT1,7
Mrs. Officer,Lil Wayne,Tha Carter III,5BGzOpea6At0Nd7tYtYZOP,9
Gucci Gang,Lil Pump,Lil Pump,2VVvm4zJlUQm9XmBCvGN6z,2
"Horses (with PnB Rock, Kodak Black & A Boogie Wit da Hoodie)",PnB Rock,"Horses (with PnB Rock, Kodak Black & A Boogie Wit da Hoodie)",4oiTkphB9JYcl3lRVYGxCv,1
Airplanes (feat. Hayley Williams),B.o.B,B.o.B Presents: The Adventures of Bobby Ray,7apLPYT8szV1IqTxyVSy5P,4
Xxplosive,Dr. Dre,2001,0qRYw8PUU2AE7MPTvC9AwF,6
HANDGUN (feat. A$AP Rocky),YG,STAY DANGEROUS,5IYvKd22yQkJRfoIStesbX,3
Knuck If You Buck (feat. Lil' Scrappy),Crime Mob,Crime Mob (U.S. PA Version),09stXr7AeoB1PsE3RpMpyU,2
Yeah!,Usher,Confessions,0vO0b1AvY49CPQyVisJLj0,2
X (feat. Future),21 Savage,Savage Mode,4I3EcXD4e3KcEoDJfFEZ5b,3
Answers,Lootpack,Soundpieces: Da Antidote,5bmfN1bdJb9vQzb07mCy9A,14
The Way Life Goes (feat. Oh Wonder),Lil Uzi Vert,Luv Is Rage 2,733e1ZfktLSwj96X5rsMeE,5
MC's Act Like They Don't Know,KRS-One,KRS-One,17C90B1H8gxYa664SSVM9x,3
Oh My God,A Tribe Called Quest,Midnight Marauders,4v5x3Oo3UjQ9YmF3hRAip5,10
Gangsta's Paradise,Coolio,Gangsta's Paradise,0fYctMs4EvoEqzDh8Kmg5g,2
Hurt Feelings,Mac Miller,Swimming,5wtE5aLX5r7jOosmPhJhhk,2
Ms. Fat Booty,Mos Def,Black On Both Sides,5gK2l2LgWY0BA4p9uy27z6,4
Hip 2 Da Game,Lord Finesse,The Awakening,3DqP5MhotjHve8DiljKk6r,14
LEGENDARY (feat. J. Cole),Joey Bada$$,ALL-AMERIKKKAN BADA$$,6swV0WUnPygRIMgEKn6Ige,11
See You Again,"Tyler, The Creator",Flower Boy,2nkto6YNI4rUYTLqEwWJ3o,4
Dreams and Nightmares,Meek Mill,Dreams and Nightmares (Deluxe Version),0zhZDmHEtDtok393SbZ3d7,1
Special Affair,The Internet,Ego Death,69g3CtOVg98TPOwqmI2K7Q,8
GOTTI,6ix9ine,Day69: Graduation Day,1ubczeMvCrPHbSEjgfu4a7,12
Freaky Friday (feat. Chris Brown),Lil Dicky,Freaky Friday (feat. Chris Brown),1XbNDGybI1iPfeQNJEeUdn,1
X,Xzibit,The Greatest,1dxyoIAlE2NS77K3nzei6Y,9
I'm N Luv (Wit a Stripper) (feat. Mike Jones),T-Pain,Rappa Ternt Sanga,67kj88d9xbscqqG8EdMpIu,3
Freek-A-Leek,Petey Pablo,Still Writing In My Diary: 2nd Entry,16D0usG2u8oFoJSCLWGrix,4
White Iverson,Post Malone,Stoney (Deluxe),5s0rmjP8XOPhP6HhqOhuyC,6
A Lie,French Montana,Jungle Rules,4c2p3TdN7NcQfCXyueCNnC,4
It's A Vibe,2 Chainz,Pretty Girls Like Trap Music,5vvvo79z68vWj9yimoygfS,9
Ultimate,Denzel Curry,Ultimate,5r0LVuUjx659ddoV15P5MI,1
All Mine,Kanye West,ye,5EBGCvO6upi3GNknMVe9x9,3
Never Know,6LACK,FREE 6LACK,7iwGw8ob3YLqZrbKzGFnHi,1
Twinz (Deep Cover 98) (feat. Fat Joe),Big Pun,Capital Punishment (Explicit Version),3IIHk2ZLXKWuVAjCbQ9g4Y,17
One Day,UGK,Ridin' Dirty,4jTPQq9PSlKMOm1yLx2ATN,2
Where Ya At,Future,DS2 (Deluxe),0fUy6IdLHDpGNwavIlhEsl,3
Misunderstood,PnB Rock,GTTM: Goin Thru the Motions,7eFfp9r4A30ueN9A5EJbk2,10
Spar (feat. 6LACK & Kodak Black),Dreezy,Spar (feat. 6LACK & Kodak Black),4kKQp1juHlhsnWqNuUrzIl,1
Strictly Business,EPMD,Strictly Business,2HOl8gDiGGpt7wsIDi9jy5,1
STOP TRYING TO BE GOD,Travis Scott,ASTROWORLD,41GuZcammIkupMPKH2OJ6I,5
Fr Fr (feat. Lil Skies),Wiz Khalifa,Rolling Papers 2,0YFou4SbS16F4GhSADLDfz,16
No Stylist,French Montana,No Stylist,0DMvfJWc1DjSbmnJF1NW1o,1
MVP,Big L,Lifestylez Ov Da Poor & Dangerous,7xvBUHu5jJ7X0wdRHudLFD,2
Up,Desiigner,Up,7JohRbKtRFWIgjAhLsEAs1,1
Just A Lil Bit,50 Cent,The Massacre,2pidzXTaHV4WaIJYRxKDCH,14
Ghostface Killers,21 Savage,Without Warning,0MV1yCXcNNQBfwApqAVkH0,1
Wanna Be A Baller,Lil' Troy,Sittin' Fat Down South,2czjXveZPf9X2dutQGlh2r,4
2 Phones,Kevin Gates,Islah (Deluxe),5Hs43ta4vAYKRRRR7DKjt9,3
Batman,Jaden,SYRE,4IFpj2jyRcugt1yzH82m3E,10
X (with 2 Chainz & Saudi),ScHoolboy Q,Black Panther The Album Music From And Inspired By,3pLdWdkj83EYfDN6H2N8MR,3
God's Plan,Drake,Scorpion,1ATL5GLyefJaxhQzSPVrLX,5
2 Of Amerikaz Most Wanted,2Pac,Greatest Hits,1WBZyULtlANBKed7Zf9cDP,2
I Tried,Bone Thugs-N-Harmony,Strength & Loyalty,6fgFFyMpkmOZK038Ta3gQB,4
